INSERT INTO Restaurant (restNo,restName)
VALUES (0,null),
		(1,"โกปี๊ฮับ ติ่มซำ-ชาชัก");

INSERT INTO RestaurantOwner (restOwnerNo,restUserName,restPassword)
VALUES (0,"",""),
		(1,"ordereatbill","=<;:98765");

INSERT INTO Branch (branchNo,branchName,branchDesc,addressName,district,subDistrict,road,province,zip,restNo,restOwnerNo)
VALUES (0,"","","","","","","","",0,0),
		(1,"บางแสน","โกปี๊ฮับ ติ่มซำ - บางแสน อาหาร เครื่องดื่ม -รับจัด Set -จัดอบรม -สัมนา","418,420","","","ถนนลงหาดบางแสน","ชลบุรี","",1,1);

INSERT INTO PayType (payTypeNo,payTypeName)
VALUES (0,"ไม่มีตำแหน่ง"),
		(1,"ชั่วโมง"),
		(2,"วัน");

INSERT INTO EmploymentType (empTypeNo,empTypeName)
VALUES (0,"ไม่มีตำแหน่ง"),
		(1,"Full-Time"),
		(2,"Part-Time"),
		(3,"Training");

INSERT INTO EmployeePosition (positionNo,positionName,branchNo)
VALUES (0,"ไม่มีตำแหน่ง",1),
		(1,"เคาน์เตอร์",1),
		(2,"ติ่มซำ",1),
		(3,"นึ่ง",1),
		(4,"บาร์น้ำ",1),
		(5,"พ่อครัว/แม่ครัว",1),
		(6,"ล้างจาน",1),
		(7,"เสิร์ฟ",1),
		(8,"ดูแลร้าน",1);

INSERT INTO `Constraint` (constraintNo,positionNo,empTypeNo,minHoursPerDay,maxHoursPerDay,pay,payTypeNo,branchNo)
VALUES (0,0,0,0,0,0,0,0),
		(1,1,1,6,13,35,1,1),
		(2,1,2,4,8,35,1,1),
		(3,1,3,6,13,30,1,1),
		(4,1,1,6,13,400,2,1),
		(5,1,2,4,8,300,2,1),
		(6,1,3,6,13,200,2,1),
		(7,2,1,6,13,35,1,1),
		(8,2,2,4,8,35,1,1),
		(9,2,3,6,13,30,1,1),
		(10,2,1,6,13,350,2,1),
		(11,2,2,4,8,250,2,1),
		(12,2,3,6,13,200,2,1),
		(13,3,1,6,13,35,1,1),
		(14,3,2,4,8,35,1,1),
		(15,4,1,6,13,35,1,1),
		(16,4,2,4,8,35,1,1),
		(17,5,1,6,13,40,1,1),
		(18,5,2,4,8,35,1,1),
		(19,5,3,6,13,30,1,1),
		(20,5,1,6,13,500,2,1),
		(21,6,1,6,13,35,1,1),
		(22,6,2,4,8,35,1,1),
		(23,7,1,6,13,35,1,1),
		(24,7,2,4,8,35,1,1),
		(25,7,1,6,13,300,2,1),
		(26,8,1,6,13,50,1,1),
		(27,8,1,6,13,600,2,1);

INSERT INTO Employee (empNo,empName,gender,telNo,specPay,constraintNo,branchNo)
VALUES (1,"ออมสิน","F","0876357819",305,4,1),
		(2,"ส้ม","F","0894758001",null,8,1),
		(3,"อิง","F","0894738102",null,23,1);
		(4,"เต้","M","0998347115",286,10,1),
		(5,"บีม","F","0849936006",null,2,1),
		(6,"นิว","F","0998347115",500,25,1),
		(7,"เบส","M","0931845563",null,15,1),
		(8,"ป๋อมแป๋ม","F","0844775631",null,13,1),
		(9,"เบนซ์","M","0875658139",null,18,1),
		(10,"จูน","F","0804717499",null,5,1),
		(11,"พิณ","F","0907584786",null,21,1),
		(12,"ป๊อปปี้","F","0819835573",500,10,1),
		(13,"ไพริน","F","0850174629",null,18,1),
		(14,"แพร","F","0947396511",null,10,1),
		(15,"พริม","F","0910094822",null,6,1),
		(16,"เมย์","F","0801847115",null,14,1),
		(17,"แม่","F","0837461884",485,27,1),
		(18,"พลอย","F","0284719485",null,17,1),
		(19,"ลุงแซม","M","0764729343",646,27,1),
		(20,"ชะเอม","F","0998340973",null,22,1),
		(21,"อัง","F","0958500981",null,7,1),
		(22,"เอิร์น","F","0847583364",null,11,1),
		(23,"อุ๋งอิ๋ง","F","0847569116",37,24,1),
		(24,"น้ำฝน","F","0809878914",null,16,1),
		(25,"อาย","F","0965784733",null,9,1),
		

INSERT INTO WorkingHistory (workNo,fromTime,toTime,fromdate,toDate,workingPay,
	empNo,branchNo,minHoursPerDay,maxHoursPerDay,empTypeName,positionName,payTypeName)
VALUES (1,545,1320,"2017-04-01","2017-04-01",305,1,6,13,"Full-Time","เคาน์เตอร์","วัน"),
		(2,570,1015,"2017-04-01","2017-04-01",35,2,4,8,"Part-Time","ติ่มซำ","ชั่วโมง"),
		(3,550,1301,"2017-04-01","2017-04-01",485,17,6,13,"Full-Time","ดูแลร้าน","วัน"),
		(4,725,1316,"2017-04-01","2017-04-01",35,22,4,8,"Part-Time","ล้างจาน","ชั่วโมง"),
		(5,547,1301,"2017-04-01","2017-04-01",35,7,6,13,"Full-Time","บาร์น้ำ","ชั่วโมง"),
		(6,561,904,"2017-04-01","2017-04-01",35,9,4,8,"Part-Time","พ่อครัว/แม่ครัว","ชั่วโมง"),
		(7,556,1301,"2017-04-01","2017-04-01",35,3,6,13,"Full-Time","เสิร์ฟ","ชั่วโมง"),
		(8,545,960,"2017-04-01","2017-04-01",35,16,4,8,"Part-Time","นึ่ง","ชั่วโมง"),
		(9,541,1315,"2017-04-02","2017-04-02",305,1,6,13,"Full-Time","เคาน์เตอร์","วัน"),
		(10,550,1109,"2017-04-02","2017-04-02",485,17,6,13,"Full-Time","ดูแลร้าน","วัน"),
		(11,557,1085,"2017-04-02","2017-04-02",35,7,6,13,"Full-Time","บาร์น้ำ","ชั่วโมง"),
		(12,580,1250,"2017-04-02","2017-04-02",35,3,6,13,"Full-Time","เสิร์ฟ","ชั่วโมง"),
		(13,560,1290,"2017-04-02","2017-04-02",35,18,6,13,"Full-Time","พ่อครัว/แม่ครัว","ชั่วโมง"),
		(7,573,1286,"2017-04-02","2017-04-02",500,6,6,13,"Full-Time","เสิร์ฟ","วัน")
		(8,550,1301,"2017-04-03","2017-04-03",305,1,6,13,"Full-Time","เคาน์เตอร์","วัน"),
		(9,1011,1316,"2017-04-03","2017-04-03",35,2,4,8,"Part-Time","ติ่มซำ","ชั่วโมง"),
		(10,556,1311,"2017-04-03","2017-04-03",485,17,6,13,"Full-Time","ดูแลร้าน","วัน"),
		(11,565,1056,"2017-04-03","2017-04-03",35,22,4,8,"Part-Time","ล้างจาน","ชั่วโมง"),
		(12,558,1299,"2017-04-03","2017-04-03",35,7,6,13,"Full-Time","บาร์น้ำ","ชั่วโมง"),
		(13,561,948,"2017-04-03","2017-04-03",35,9,4,8,"Part-Time","พ่อครัว/แม่ครัว","ชั่วโมง"),
		(14,558,1278,"2017-04-03","2017-04-03",35,3,6,13,"Full-Time","เสิร์ฟ","ชั่วโมง"),
		(15,549,967,"2017-04-03","2017-04-03",35,16,4,8,"Part-Time","นึ่ง","ชั่วโมง"),
		(16,543,1311,"2017-04-04","2017-04-04",305,1,6,13,"Full-Time","เคาน์เตอร์","วัน"),
		(17,561,1217,"2017-04-04","2017-04-04",485,17,6,13,"Full-Time","ดูแลร้าน","วัน"),
		(18,547,1285,"2017-04-04","2017-04-04",35,7,6,13,"Full-Time","บาร์น้ำ","ชั่วโมง"),
		(19,574,1277,"2017-04-04","2017-04-04",35,3,6,13,"Full-Time","เสิร์ฟ","ชั่วโมง"),
		(20,562,1297,"2017-04-04","2017-04-04",35,18,6,13,"Full-Time","พ่อครัว/แม่ครัว","ชั่วโมง"),
		(21,563,1302,"2017-04-04","2017-04-04",500,6,6,13,"Full-Time","เสิร์ฟ","วัน")
		(22,545,1320,"2017-04-05","2017-04-05",305,1,6,13,"Full-Time","เคาน์เตอร์","วัน"),
		(23,570,1015,"2017-04-05","2017-04-05",35,2,4,8,"Part-Time","ติ่มซำ","ชั่วโมง"),
		(24,550,1301,"2017-04-05","2017-04-05",485,17,6,13,"Full-Time","ดูแลร้าน","วัน"),
		(25,627,1002,"2017-04-05","2017-04-05",35,22,4,8,"Part-Time","ล้างจาน","ชั่วโมง"),
		(26,552,1301,"2017-04-05","2017-04-05",35,7,6,13,"Full-Time","บาร์น้ำ","ชั่วโมง"),
		(27,569,1009,"2017-04-05","2017-04-05",35,9,4,8,"Part-Time","พ่อครัว/แม่ครัว","ชั่วโมง"),
		(28,559,1299,"2017-04-05","2017-04-05",35,3,6,13,"Full-Time","เสิร์ฟ","ชั่วโมง"),
		(29,548,1040,"2017-04-05","2017-04-05",35,16,4,8,"Part-Time","นึ่ง","ชั่วโมง"),
		(31,554,960,"2017-04-05","2017-04-05",286,4,6,13,"Full-Time","เสิร์ฟ","วัน"),
		(32,905,1310,"2017-04-05","2017-04-05",35,5,4,8,"Part-Time","เคาน์เตอร์","ชั่วโมง"),
		(33,545,1286,"2017-04-05","2017-04-05",500,6,6,13,"Full-Time","เสิร์ฟ","วัน"),
		(34,552,1290,"2017-04-05","2017-04-05",35,8,6,13,"Full-Time","นึ่ง","ชั่วโมง"),
		(35,561,910,"2017-04-05","2017-04-05",300,10,4,8,"Part-Time","เคาน์เตอร์","วัน"),
		(36,558,1320,"2017-04-05","2017-04-05",35,11,6,13,"Full-Time","ล้างจาน","ชั่วโมง"),
		(37,556,1286,"2017-04-05","2017-04-05",500,12,6,13,"Full-Time","ติ่มซำ","วัน"),
		(38,858,1293,"2017-04-05","2017-04-05",35,13,4,8,"Part-Time","พ่อครัว/แม่ครัว","ชั่วโมง"),
		(39,558,1304,"2017-04-05","2017-04-05",350,14,6,13,"Full-Time","ติ่มซำ","วัน"),
		(40,550,1190,"2017-04-05","2017-04-05",200,15,6,13,"Training","เคาน์เตอร์","วัน"),
		(41,549,951,"2017-04-05","2017-04-05",40,18,6,13,"Full-Time","พ่อครัว/แม่","ชั่วโมง"),
		(42,562,1175,"2017-04-05","2017-04-05",646,19,6,13,"Full-Time","ดูแลร้าน","วัน"),
		(43,682,1053,"2017-04-05","2017-04-05",35,20,4,8,"Part-Time","ล้างจาน","ชั่วโมง"),
		(44,556,1157,"2017-04-05","2017-04-05",35,21,4,8,"Full-Time","ติ่มซำ","ชั่วโมง"),
		(45,783,1274,"2017-04-05","2017-04-05",37,23,4,8,"Part-Time","เสิร์ฟ","ชั่วโมง"),
		(46,693,1116,"2017-04-05","2017-04-05",35,24,4,8,"Part-Time","บาร์น้ำ","ชั่วโมง"),
		(46,563,1294,"2017-04-05","2017-04-05",30,25,6,13,"Training","ติ่มซำ","ชั่วโมง"),

		(47,553,1298,"2017-04-06","2017-04-06",305,1,6,13,"Full-Time","เคาน์เตอร์","วัน"),
		(48,557,1021,"2017-04-06","2017-04-06",35,2,4,8,"Part-Time","ติ่มซำ","ชั่วโมง"),
		(49,575,1314,"2017-04-06","2017-04-06",485,17,6,13,"Full-Time","ดูแลร้าน","วัน"),
		(50,634,1012,"2017-04-06","2017-04-06",35,22,4,8,"Part-Time","ล้างจาน","ชั่วโมง"),
		(51,557,1297,"2017-04-06","2017-04-06",35,7,6,13,"Full-Time","บาร์น้ำ","ชั่วโมง"),
		(52,564,998,"2017-04-06","2017-04-06",35,9,4,8,"Part-Time","พ่อครัว/แม่ครัว","ชั่วโมง"),
		(53,561,1300,"2017-04-06","2017-04-06",35,3,6,13,"Full-Time","เสิร์ฟ","ชั่วโมง"),
		(54,552,1032,"2017-04-06","2017-04-06",35,16,4,8,"Part-Time","นึ่ง","ชั่วโมง"),
		(55,547,988,"2017-04-06","2017-04-06",286,4,6,13,"Full-Time","เสิร์ฟ","วัน"),
		(56,898,1309,"2017-04-06","2017-04-06",35,5,4,8,"Part-Time","เคาน์เตอร์","ชั่วโมง"),
		(57,553,1292,"2017-04-06","2017-04-06",500,6,6,13,"Full-Time","เสิร์ฟ","วัน"),
		(58,558,1297,"2017-04-06","2017-04-06",35,8,6,13,"Full-Time","นึ่ง","ชั่วโมง"),
		(59,549,916,"2017-04-06","2017-04-06",300,10,4,8,"Part-Time","เคาน์เตอร์","วัน"),
		(60,547,1299,"2017-04-06","2017-04-06",35,11,6,13,"Full-Time","ล้างจาน","ชั่วโมง"),
		(61,555,1298,"2017-04-06","2017-04-06",500,12,6,13,"Full-Time","ติ่มซำ","วัน"),
		(62,890,1300,"2017-04-06","2017-04-06",35,13,4,8,"Part-Time","พ่อครัว/แม่ครัว","ชั่วโมง"),
		(63,551,1297,"2017-04-06","2017-04-06",350,14,6,13,"Full-Time","ติ่มซำ","วัน"),
		(64,556,1163,"2017-04-06","2017-04-06",200,15,6,13,"Training","เคาน์เตอร์","วัน"),
		(65,553,963,"2017-04-06","2017-04-06",40,18,6,13,"Full-Time","พ่อครัว/แม่","ชั่วโมง"),
		(66,552,1183,"2017-04-06","2017-04-06",646,19,6,13,"Full-Time","ดูแลร้าน","วัน"),
		(67,679,1061,"2017-04-06","2017-04-06",35,20,4,8,"Part-Time","ล้างจาน","ชั่วโมง"),
		(68,564,1163,"2017-04-06","2017-04-06",35,21,4,8,"Full-Time","ติ่มซำ","ชั่วโมง"),
		(69,790,1291,"2017-04-06","2017-04-06",37,23,4,8,"Part-Time","เสิร์ฟ","ชั่วโมง"),
		(70,684,1109,"2017-04-06","2017-04-06",35,24,4,8,"Part-Time","บาร์น้ำ","ชั่วโมง"),
		(71,557,1264,"2017-04-06","2017-04-06",30,25,6,13,"Training","ติ่มซำ","ชั่วโมง"),
		

